#Scan#	Adduct	CAS_Number	Charge	Compound_Name	Compound_Source	Data_Collector	ExactMass	INCHI	INCHI_AUX	Instrument	IonMode	Ion_Source	LibMZ	LibraryName	LibraryQualityString	Library_Class	MQScore	MZErrorPPM	MassDiff	Organism	PI	Precursor_MZ	Pubmed_ID	RT_Query	SharedPeaks	Smiles	SpecCharge	SpecMZ	SpectrumFile	SpectrumID	TIC_Query	UpdateWorkflowName	tags
1033	M-H	N/A	-1	Di_Hydro_Kaempferol_Deoxyhexose_Gallate	Other	GCYounkin	586.132	N/A	N/A	qTof	Negative	LC-ESI	585.125	lib-00027.mgf	Bronze	3	0.34698	0	0	PRIVATE-USER	TAKursar	585.125	N/A	0	6	c12c(c(cc(c1)O)O)C(=O)C(C(O2)c1ccc(cc1)O)OC1OC(C(C(C1O)O)OC(=O)c1cc(c(c(c1)O)O)O)C	1	585.125	spectra/specs_ms.pklbin	CCMSLIB00001057501	22942.8	UPDATE-SINGLE-ANNOTATED-BRONZE	 
1048	M-H	N/A	-1	okanin_4'-O-(6''-E-p-coumaroyl)-beta-D-glucopyranoside|okanin-4'-O-beta-D-(6''-trans-p-coumaroyl)glucopyranoside	Other	GCYounkin	596.153	N/A	N/A	qTof	Negative	LC-ESI	595.146	lib-00026.mgf	Bronze	3	0.341441	1.33321	0.000793457	PRIVATE-USER	TAKursar	595.146	N/A	0	6	C1([H])(OC([H])(C([H])([H])OC(=O)C([H])=C([H])c2c([H])c([H])c(O[H])c([H])c2[H])C([H])(O[H])C([H])(O[H])C1([H])O[H])Oc3c([H])c([H])c(C(=O)C([H])=C([H])c4c([H])c([H])c(O[H])c(O[H])c4[H])c(O[H])c3O[H]	1	595.145	spectra/specs_ms.pklbin	CCMSLIB00001824892	1.78643e+06	UPDATE-SINGLE-ANNOTATED-BRONZE	 
1075	M-H	N/A	-1	Catechin_Coumarate_Gallate_Deoxyhexose	Other	GCYounkin	734.185	N/A	N/A	qTof	Negative	LC-ESI	733.177	lib-00027.mgf	Bronze	3	0.323768	1.5817	0.00115967	PRIVATE-USER	TAKursar	733.177	N/A	0	6	c12c(c(cc(c1)O)O)CC(C(O2)c1ccc(c(c1)O)O)OC(=O)c1cc(c(c(c1)O)O)OC(=O)/C=C/c1ccc(cc1)OC1C(C(C(C(O1)C)O)O)O	1	733.179	spectra/specs_ms.pklbin	CCMSLIB00001055666	9.40384e+06	UPDATE-SINGLE-ANNOTATED-BRONZE	 
1076	M-H	N/A	-1	Catechin_Coumarate_Gallate_Deoxyhexose	Other	GCYounkin	734.185	N/A	N/A	qTof	Negative	LC-ESI	733.177	lib-00027.mgf	Bronze	3	0.308262	0.749227	0.000549316	PRIVATE-USER	TAKursar	733.177	N/A	0	6	c12c(c(cc(c1)O)O)CC(C(O2)c1ccc(c(c1)O)O)OC(=O)c1cc(c(c(c1)O)O)OC(=O)/C=C/c1ccc(cc1)OC1C(C(C(C(O1)C)O)O)O	1	733.177	spectra/specs_ms.pklbin	CCMSLIB00001055666	3.11304e+06	UPDATE-SINGLE-ANNOTATED-BRONZE	 
1112	M-H	N/A	-1	Catechin_Pentose_Gallate_Pentose	Other	GCYounkin	706.174	N/A	N/A	qTof	Negative	LC-ESI	705.167	lib-00027.mgf	Bronze	3	0.285304	8.82852	0.00622559	PRIVATE-USER	TAKursar	705.167	N/A	0	8	c12c(c(cc(c1)O)O)CC(C(O2)c1ccc(c(c1)O)O)OC(=O)c1cc(c(c(c1)O)O)OC1OC(C(C1O)OC1OC(C(C1O)O)CO)CO	1	705.161	spectra/specs_ms.pklbin	CCMSLIB00001055555	151503	UPDATE-SINGLE-ANNOTATED-BRONZE	 
1134	M+FA-H	n/a	1	NCGC00384682-01_C48H78O18_1-O-[(3beta)-3-{[3-O-(beta-D-Galactopyranosyl)-beta-D-glucopyranosyl]oxy}-28-oxoolean-12-en-28-yl]-beta-D-glucopyranose	isolated	lfnothias	942.519	InChI=1S/C48H78O18/c1-43(2)14-16-48(42(60)66-40-36(58)34(56)31(53)25(20-50)62-40)17-15-46(6)22(23(48)18-43)8-9-28-45(5)12-11-29(44(3,4)27(45)10-13-47(28,46)7)64-41-37(59)38(32(54)26(21-51)63-41)65-39-35(57)33(55)30(52)24(19-49)61-39/h8,23-41,49-59H,9-21H2,1-7H3/t23-,24+,25+,26+,27?,28?,29-,30+,31+,32+,33-,34-,35+,36+,37+,38-,39-,40-,41+,45-,46+,47+,48-/m0/s1	N/A	Maxis II HD Q-TOF Bruker	negative	LC-ESI	987.517	lib-00017.mgf	Gold	1	0.553935	17.3677	0.0171509	GNPS-NIH-NATURALPRODUCTSLIBRARY_ROUND2_NEGATIVE	Jadhav/Dorrestein	987.517	n/a	0	11	CC1(C)CC[C@@]2(CC[C@]3(C)\C(=C/CC4[C@@]5(C)CC[C@H](O[C@H]6O[C@H](CO)[C@@H](O)[C@H](O[C@@H]7O[C@H](CO)[C@@H](O)[C@H](O)[C@H]7O)[C@H]6O)C(C)(C)C5CC[C@@]34C)[C@@H]2C1)C(=O)O[C@@H]8O[C@H](CO)[C@@H](O)[C@H](O)[C@H]8O	1	987.534	spectra/specs_ms.pklbin	CCMSLIB00000850595	1.01101e+06	UPDATE-SINGLE-ANNOTATED-GOLD	 
1167	M-H	N/A	-1	Di_hydro_Quercitin_Gallate_Gallate_Deoxyhexose	Other	GCYounkin	754.138	N/A	N/A	qTof	Negative	LC-ESI	753.131	lib-00027.mgf	Bronze	3	0.3278	0.567293	0.000427246	PRIVATE-USER	TAKursar	753.131	N/A	0	7	c12c(c(cc(c1)O)OC1C(C(O)OC(C1O)C)O)C(=O)C(C(O2)c1cc(c(cc1)O)O)OC(=O)c1cc(c(c(c1)OC(=O)c1cc(c(c(c1)O)O)O)O)O	1	753.131	spectra/specs_ms.pklbin	CCMSLIB00001056031	118505	UPDATE-SINGLE-ANNOTATED-BRONZE	 
1183	M-H	N/A	-1	Afzelechin_Gallocatechin_Type_B_Gallate_Cinnamate	Other	GCYounkin	860.195	N/A	N/A	qTof	Negative	LC-ESI	859.188	lib-00027.mgf	Bronze	3	0.251339	3.12568	0.00268555	PRIVATE-USER	TAKursar	859.188	N/A	0	7	c12c(c(cc(c1)O)O)C(C(C(O2)c1cc(c(c(c1)O)O)O)O)c1c2c(c(cc1O)O)CC(C(O2)c1ccc(cc1)OC(=O)/C=C/c1ccccc1)OC(=O)c1cc(c(c(c1)O)O)O	1	859.185	spectra/specs_ms.pklbin	CCMSLIB00001056509	16577	UPDATE-SINGLE-ANNOTATED-BRONZE	 
1184	M-H	N/A	-1	Di_Hydro_Quercetin_Gallate_Cinnamate	Other	GCYounkin	608.08	N/A	N/A	qTof	Negative	LC-ESI	607.073	lib-00025.mgf	Bronze	3	0.445834	2.0108	0.0012207	null	TAKursar	607.073	N/A	0	7	c12c(c(cc(c1)O)O)C(=O)C(C(O2)c1cc(c(cc1)O)O)OC(=O)c1cc(c(c(c1)OC(=O)c1cc(c(c(c1)O)O)O)O)O	1	607.072	spectra/specs_ms.pklbin	CCMSLIB00001638546	260005	UPDATE-SINGLE-ANNOTATED-BRONZE	 
1196	M+FA-H	n/a	1	NCGC00384682-01_C48H78O18_1-O-[(3beta)-3-{[3-O-(beta-D-Galactopyranosyl)-beta-D-glucopyranosyl]oxy}-28-oxoolean-12-en-28-yl]-beta-D-glucopyranose	isolated	lfnothias	942.519	InChI=1S/C48H78O18/c1-43(2)14-16-48(42(60)66-40-36(58)34(56)31(53)25(20-50)62-40)17-15-46(6)22(23(48)18-43)8-9-28-45(5)12-11-29(44(3,4)27(45)10-13-47(28,46)7)64-41-37(59)38(32(54)26(21-51)63-41)65-39-35(57)33(55)30(52)24(19-49)61-39/h8,23-41,49-59H,9-21H2,1-7H3/t23-,24+,25+,26+,27?,28?,29-,30+,31+,32+,33-,34-,35+,36+,37+,38-,39-,40-,41+,45-,46+,47+,48-/m0/s1	N/A	Maxis II HD Q-TOF Bruker	negative	LC-ESI	987.517	lib-00017.mgf	Gold	1	0.609038	0.309033	0.000305176	GNPS-NIH-NATURALPRODUCTSLIBRARY_ROUND2_NEGATIVE	Jadhav/Dorrestein	987.517	n/a	0	9	CC1(C)CC[C@@]2(CC[C@]3(C)\C(=C/CC4[C@@]5(C)CC[C@H](O[C@H]6O[C@H](CO)[C@@H](O)[C@H](O[C@@H]7O[C@H](CO)[C@@H](O)[C@H](O)[C@H]7O)[C@H]6O)C(C)(C)C5CC[C@@]34C)[C@@H]2C1)C(=O)O[C@@H]8O[C@H](CO)[C@@H](O)[C@H](O)[C@H]8O	1	987.517	spectra/specs_ms.pklbin	CCMSLIB00000850595	97707.4	UPDATE-SINGLE-ANNOTATED-GOLD	 
12	M-H	N/A	-1	3-O-<beta-D-xylopyranosyl(1->2)-alpha-L-arabinopyranosyl_(1->6)><beta-D-glucopyranosyl_(1->2)>beta-D-glucopyranosyl_echinocystic_acid|3-O-[beta-D-xylopyranosyl(1->2)-alpha-L-arabinopyranosyl_(1->6)][beta-D-glucopyranosyl_(1->2)]beta-D-glucopyranosyl_echinocystic_acid	Other	GCYounkin	1060.55	N/A	N/A	qTof	Negative	LC-ESI	1059.54	lib-00026.mgf	Bronze	3	0.412912	1.72816	0.00183105	PRIVATE-USER	TAKursar	1059.54	N/A	0	13	C12(C([H])([H])[H])C([H])(C([H])([H])C([H])=C(C3([H])C(C(=O)O[H])(C([H])([H])C([H])([H])C(C([H])([H])[H])(C([H])([H])[H])C3([H])[H])C([H])(O[H])C4([H])[H])C14C([H])([H])[H])C5(C([H])([H])[H])C([H])(C(C([H])([H])[H])(C([H])([H])[H])C([H])(OC6([H])OC([H])(C([H])([H])OC7([H])OC([H])([H])C([H])(O[H])C([H])(O[H])C7([H])OC8([H])OC([H])([H])C([H])(O[H])C([H])(O[H])C8([H])O[H])C([H])(O[H])C([H])(O[H])C6([H])OC9([H])OC([H])(C([H])([H])O[H])C([H])(O[H])C([H])(O[H])C9([H])O[H])C([H])([H])C5([H])[H])C([H])([H])C2([H])[H]	1	1059.54	spectra/specs_ms.pklbin	CCMSLIB00001812787	959879	UPDATE-SINGLE-ANNOTATED-BRONZE	 
1206	M-H	N/A	-1	"3-O-{[beta-d-glucopyranosyl-(1?2)-O]-beta-d-galactopyranoside}-16-O-{[beta-d-glucopyranosyl-(1?2)-O]-alpha-l-arabinopyranoside}-3beta,6beta,16beta-trihydroxyolean-12-en-23-al"	Other	GCYounkin	1074.56	N/A	N/A	qTof	Negative	LC-ESI	1073.55	lib-00025.mgf	Bronze	3	0.264221	3.2975	0.00354004	null	TAKursar	1073.55	N/A	0	7	[C@@]12(C([H])([H])[H])[C@]([H])(C([H])([H])C([H])=C([C@]3([H])[C@](C([H])([H])[H])(C([H])([H])C([H])([H])C(C([H])([H])[H])(C([H])([H])[H])C3([H])[H])[C@@]([H])(O[C@]4([H])O[C@]([H])(C([H])([H])O[H])[C@@]([H])(O[H])[C@]([H])(O[H])[C@@]4([H])O[C@]5([H])OC([H])([H])[C@]([H])(O[H])[C@]([H])(O[H])[C@@]5([H])O[H])C6([H])[H])[C@]16C([H])([H])[H])[C@]7(C([H])([H])[H])[C@@]([H])([C@](C([H])([H])[H])(C([H])=O)[C@@]([H])(O[C@]8([H])O[C@]([H])(C([H])([H])O[H])[C@@]([H])(O[H])[C@]([H])(O[H])[C@@]8([H])O[C@]9([H])O[C@]([H])(C([H])([H])O[H])[C@]([H])(O[H])[C@]([H])(O[H])[C@@]9([H])O[H])C([H])([H])C7([H])[H])C([H])([H])C2([H])[H]	1	1073.55	spectra/specs_ms.pklbin	CCMSLIB00001455609	171265	UPDATE-SINGLE-ANNOTATED-BRONZE	 
1208	M+FA-H	n/a	1	NCGC00381003-01_C48H78O17_(3beta,5xi,9xi,18xi)-22-Hydroxyolean-12-en-3-yl 6-deoxy-alpha-L-mannopyranosyl-(1->2)hexopyranosyl-(1->2)-beta-D-glucopyranosiduronic acid	isolated	lfnothias	926.524	InChI=1S/C48H78O17/c1-21-29(51)31(53)35(57)40(60-21)64-37-32(54)30(52)24(20-49)61-41(37)65-38-34(56)33(55)36(39(58)59)63-42(38)62-28-13-14-46(7)25(44(28,4)5)12-15-48(9)26(46)11-10-22-23-18-43(2,3)19-27(50)45(23,6)16-17-47(22,48)8/h10,21,23-38,40-42,49-57H,11-20H2,1-9H3,(H,58,59)/t21-,23?,24?,25?,26?,27?,28-,29-,30?,31+,32?,33-,34-,35+,36-,37?,38+,40-,41?,42+,45+,46-,47+,48+/m0/s1	N/A	Maxis II HD Q-TOF Bruker	negative	LC-ESI	971.522	lib-00017.mgf	Gold	1	0.265241	3.39251	0.0032959	GNPS-NIH-NATURALPRODUCTSLIBRARY_ROUND2_NEGATIVE	Jadhav/Dorrestein	971.522	n/a	0	13	C[C@@H]1O[C@@H](OC2C(O)C(O)C(CO)OC2O[C@@H]3[C@@H](O)[C@H](O)[C@H](O[C@H]3O[C@H]4CC[C@@]5(C)C(CC[C@]6(C)C5C\C=C/7C8CC(C)(C)CC(O)[C@]8(C)CC[C@@]67C)C4(C)C)C(O)=O)[C@H](O)[C@H](O)[C@H]1O	1	971.519	spectra/specs_ms.pklbin	CCMSLIB00000851265	459940	UPDATE-SINGLE-ANNOTATED-GOLD	 
1209	M-H	N/A	-1	androseptoside_C	Other	GCYounkin	750.455	N/A	N/A	qTof	Negative	LC-ESI	749.448	lib-00026.mgf	Bronze	3	0.48556	0.895841	0.000671387	PRIVATE-USER	TAKursar	749.448	N/A	0	6	C12(C([H])([H])[H])C(=C([H])C([H])([H])C([H])(C3(C([H])([H])[H])C([H])(C(C([H])([H])[H])(C([H])([H])[H])C([H])(OC4([H])OC([H])(C([H])([H])O[H])C([H])(OC5([H])OC([H])([H])C([H])(O[H])C([H])(O[H])C5([H])O[H])C([H])(O[H])C4([H])O[H])C([H])([H])C3([H])[H])C([H])([H])C6([H])[H])C16C([H])([H])[H])C7([H])C(C([H])([H])C([H])([H])C(C([H])([H])[H])(C([H])([H])[H])C7([H])[H])(C(=O)O[H])C([H])([H])C2([H])[H]	1	749.448	spectra/specs_ms.pklbin	CCMSLIB00001847498	32517.3	UPDATE-SINGLE-ANNOTATED-BRONZE	 
1210	M-H	N/A	-1	name_unknown	Other	GCYounkin	780.43	N/A	N/A	qTof	Negative	LC-ESI	779.422	lib-00026.mgf	Bronze	3	0.28707	0.391541	0.000305176	PRIVATE-USER	TAKursar	779.422	N/A	0	6	C12(C([H])([H])[H])C(=C([H])C([H])([H])C([H])(C3(C([H])([H])[H])C([H])(C(C([H])([H])[H])(C([H])([H])O[H])C([H])(OC4([H])OC([H])(C(=O)O[H])C([H])(O[H])C([H])(OC5([H])OC([H])([H])C([H])(O[H])C([H])(O[H])C5([H])O[H])C4([H])O[H])C([H])([H])C3([H])[H])C([H])([H])C6([H])[H])C16C([H])([H])[H])C7([H])C(C([H])([H])C([H])([H])C(C([H])([H])[H])(C([H])([H])[H])C7([H])[H])(C(=O)O[H])C([H])([H])C2([H])[H]	1	779.422	spectra/specs_ms.pklbin	CCMSLIB00002021562	96585.7	UPDATE-SINGLE-ANNOTATED-BRONZE	 
1214	M-H	N/A	-1	name_unknown	Other	GCYounkin	764.435	N/A	N/A	qTof	Negative	LC-ESI	763.427	lib-00025.mgf	Bronze	3	0.335819	2.95811	0.0022583	null	TAKursar	763.427	N/A	0	6	C12(C([H])([H])[H])C([H])(C([H])=C([H])C(=C([H])C(C([H])([H])C([H])([H])C([H])(C([H])([H])[H])C(C([H])([H])[H])=O)(C(O[H])=O)C([H])([H])C3([H])[H])C13C([H])([H])[H])C4(C([H])(C(C([H])([H])[H])(C([H])([H])[H])C([H])(C([H])([H])C4([H])[H])OC5([H])OC([H])(C([H])([H])OC6([H])OC([H])(C([H])([H])O[H])C([H])(O[H])C6([H])O[H])C([H])(O[H])C([H])(O[H])C5([H])O[H])C([H])([H])C2([H])[H])C([H])([H])[H]	1	763.425	spectra/specs_ms.pklbin	CCMSLIB00001654338	4506.77	UPDATE-SINGLE-ANNOTATED-BRONZE	 
1215	M-H	n/a	1	NCGC00180255-02_C42H66O15_1-O-[(2alpha,3beta,5xi,9xi)-3-(Hexopyranuronosyloxy)-2-hydroxy-28-oxoolean-12-en-28-yl]hexopyranose	isolated	lfnothias	810.44	InChI=1S/C42H66O15/c1-37(2)12-14-42(36(53)57-34-29(49)26(46)25(45)22(18-43)54-34)15-13-40(6)19(20(42)16-37)8-9-24-39(5)17-21(44)32(38(3,4)23(39)10-11-41(24,40)7)56-35-30(50)27(47)28(48)31(55-35)33(51)52/h8,20-32,34-35,43-50H,9-18H2,1-7H3,(H,51,52)/t20-,21+,22?,23?,24?,25?,26?,27?,28?,29?,30?,31?,32-,34?,35?,39-,40+,41+,42-/m0/s1	N/A	Maxis II HD Q-TOF Bruker	negative	LC-ESI	809.433	lib-00017.mgf	Gold	1	0.383431	0.754048	0.000610352	GNPS-NIH-NATURALPRODUCTSLIBRARY_ROUND2_NEGATIVE	Jadhav/Dorrestein	809.433	n/a	0	8	CC1(C)CC[C@@]2(CC[C@]3(C)\C(=C/CC4[C@@]5(C)C[C@@H](O)[C@H](OC6OC(C(O)C(O)C6O)C(O)=O)C(C)(C)C5CC[C@@]34C)[C@@H]2C1)C(=O)OC7OC(CO)C(O)C(O)C7O	1	809.432	spectra/specs_ms.pklbin	CCMSLIB00000850082	35176.1	UPDATE-SINGLE-ANNOTATED-GOLD	 
1217	M-H	N/A	-1	proacaciaside-I	Other	GCYounkin	794.445	N/A	N/A	qTof	Negative	LC-ESI	793.438	lib-00025.mgf	Bronze	3	0.359138	1.61542	0.00128174	null	TAKursar	793.438	N/A	0	7	C12(C([H])([H])[H])C([H])(C([H])([H])C([H])=C(C3([H])C4(C([H])([H])C([H])(OC4=O)C(C([H])([H])[H])(C([H])([H])[H])C3([H])[H])C([H])(O[H])C5([H])[H])C15C([H])([H])[H])C6(C([H])([H])[H])C([H])(C(C([H])([H])[H])(C([H])([H])[H])C([H])(OC7([H])OC([H])(C([H])([H])OC8([H])OC([H])(C([H])([H])O[H])C([H])(O[H])C([H])(O[H])C8([H])O[H])C([H])(O[H])C([H])(O[H])C7([H])O[H])C([H])([H])C6([H])[H])C([H])([H])C2([H])[H]	1	793.437	spectra/specs_ms.pklbin	CCMSLIB00001208843	11160.7	UPDATE-SINGLE-ANNOTATED-BRONZE	 
1221	M-H	N/A	-1	3-methoxy-7-O-beta-(6''-galloylglucopyranoside)quercetin	Other	GCYounkin	614.127	N/A	N/A	qTof	Negative	LC-ESI	613.12	lib-00025.mgf	Bronze	3	0.607672	1.59278	0.000976562	null	TAKursar	613.12	N/A	0	6	c12c(c(O[H])c([H])c([C@]3([H])O[C@]([H])(C([H])([H])OC(=O)c4c([H])c(O[H])c(O[H])c(O[H])c4[H])[C@@]([H])(O[H])[C@]([H])(O[H])[C@@]3([H])O[H])c1[H])C(=O)C(OC([H])([H])[H])=C(c5c([H])c([H])c(O[H])c(O[H])c5[H])O2	1	613.119	spectra/specs_ms.pklbin	CCMSLIB00001210649	377039	UPDATE-SINGLE-ANNOTATED-BRONZE	 
1264	M-H	N/A	-1	Di_Gallocatechin_Type_B_Coumarate_Coumarate	Other	GCYounkin	902.206	N/A	N/A	qTof	Negative	LC-ESI	901.199	lib-00027.mgf	Bronze	3	0.359057	4.13133	0.00372314	PRIVATE-USER	TAKursar	901.199	N/A	0	8	c12c(c(cc(c1)O)O)C(C(C(O2)c1cc(c(c(c1)O)O)O)O)c1c2c(c(cc1O)O)CC(C(O2)c1cc(c(c(c1)OC(=O)/C=C/c1ccc(cc1)OC(=O)/C=C/c1ccc(cc1)O)O)O)O	1	901.195	spectra/specs_ms.pklbin	CCMSLIB00001056924	89731.9	UPDATE-SINGLE-ANNOTATED-BRONZE	 
13	M-H	N/A	-1	3-O-[beta-D-glucopyranosyl-(1->3)-alpha-L-arabinopyranosyl]-ursolic_acid-28-O-[beta-D-glucopyranosyl]_ester	Other	GCYounkin	1044.55	N/A	N/A	qTof	Negative	LC-ESI	1043.54	lib-00025.mgf	Bronze	3	0.438927	3.0414	0.00317383	null	TAKursar	1043.54	N/A	0	12	C12(C([H])([H])[H])C(=C([H])C([H])([H])C([H])(C3(C([H])([H])[H])C([H])(C(C([H])([H])[H])(C([H])([H])[H])C([H])(OC4([H])OC([H])([H])C([H])(O[H])C([H])(OC5([H])OC([H])([H])C([H])(O[H])C([H])(O[H])C5([H])O[H])C4([H])OC6([H])OC([H])(C([H])([H])O[H])C([H])(O[H])C([H])(O[H])C6([H])O[H])C([H])([H])C3([H])[H])C([H])([H])C7([H])[H])C17C([H])([H])[H])C8([H])C(C([H])([H])C([H])([H])C(C([H])([H])[H])(C([H])([H])[H])C8([H])[H])(C(=O)OC9([H])OC([H])(C([H])([H])O[H])C([H])(O[H])C([H])(O[H])C9([H])O[H])C([H])([H])C2([H])[H]	1	1043.54	spectra/specs_ms.pklbin	CCMSLIB00001614425	247904	UPDATE-SINGLE-ANNOTATED-BRONZE	 
1308	M-H	N/A	-1	hederoside_D2	Other	GCYounkin	766.45	N/A	N/A	qTof	Negative	LC-ESI	765.443	lib-00026.mgf	Bronze	3	0.420671	0.95686	0.000732422	PRIVATE-USER	TAKursar	765.443	N/A	0	10	C12(C([H])([H])[H])C(=C([H])C([H])([H])C([H])(C3(C([H])([H])[H])C([H])(C(C([H])([H])[H])(C([H])([H])O[H])C([H])(OC4([H])OC([H])(C([H])([H])O[H])C([H])(O[H])C([H])(O[H])C4([H])OC5([H])OC([H])([H])C([H])(O[H])C([H])(O[H])C5([H])O[H])C([H])([H])C3([H])[H])C([H])([H])C6([H])[H])C16C([H])([H])[H])C7([H])C(C([H])([H])C([H])([H])C(C([H])([H])[H])(C([H])([H])[H])C7([H])[H])(C(=O)O[H])C([H])([H])C2([H])[H]	1	765.444	spectra/specs_ms.pklbin	CCMSLIB00001935336	109975	UPDATE-SINGLE-ANNOTATED-BRONZE	 
1310	M-H	N/A	-1	3-O-<beta-D-xylopyranosyl(1->2)-alpha-L-arabinopyranosyl_(1->6)><beta-D-glucopyranosyl_(1->2)>beta-D-glucopyranosyl_echinocystic_acid|3-O-[beta-D-xylopyranosyl(1->2)-alpha-L-arabinopyranosyl_(1->6)][beta-D-glucopyranosyl_(1->2)]beta-D-glucopyranosyl_echinocystic_acid	Other	GCYounkin	1060.55	N/A	N/A	qTof	Negative	LC-ESI	1059.54	lib-00026.mgf	Bronze	3	0.267484	1.15211	0.0012207	PRIVATE-USER	TAKursar	1059.54	N/A	0	7	C12(C([H])([H])[H])C([H])(C([H])([H])C([H])=C(C3([H])C(C(=O)O[H])(C([H])([H])C([H])([H])C(C([H])([H])[H])(C([H])([H])[H])C3([H])[H])C([H])(O[H])C4([H])[H])C14C([H])([H])[H])C5(C([H])([H])[H])C([H])(C(C([H])([H])[H])(C([H])([H])[H])C([H])(OC6([H])OC([H])(C([H])([H])OC7([H])OC([H])([H])C([H])(O[H])C([H])(O[H])C7([H])OC8([H])OC([H])([H])C([H])(O[H])C([H])(O[H])C8([H])O[H])C([H])(O[H])C([H])(O[H])C6([H])OC9([H])OC([H])(C([H])([H])O[H])C([H])(O[H])C([H])(O[H])C9([H])O[H])C([H])([H])C5([H])[H])C([H])([H])C2([H])[H]	1	1059.54	spectra/specs_ms.pklbin	CCMSLIB00001812787	198895	UPDATE-SINGLE-ANNOTATED-BRONZE	 
1312	M-H	n/a	1	NCGC00347780-02_C38H61NO9_3-[(2-Acetamido-2-deoxyhexopyranosyl)oxy]-16-hydroxyolean-12-en-28-oic acid	isolated	lfnothias	675.435	InChI=1S/C38H61NO9/c1-20(41)39-28-30(44)29(43)23(19-40)47-31(28)48-27-12-13-35(6)24(34(27,4)5)11-14-36(7)25(35)10-9-21-22-17-33(2,3)15-16-38(22,32(45)46)26(42)18-37(21,36)8/h9,22-31,40,42-44H,10-19H2,1-8H3,(H,39,41)(H,45,46)	N/A	Maxis II HD Q-TOF Bruker	negative	LC-ESI	674.427	lib-00017.mgf	Gold	1	0.747007	0.995492	0.000671387	GNPS-NIH-NATURALPRODUCTSLIBRARY_ROUND2_NEGATIVE	Jadhav/Dorrestein	674.427	n/a	0	7	CC(=O)NC1C(O)C(O)C(CO)OC1OC2CCC3(C)C(CCC4(C)C3C\C=C5\C6CC(C)(C)CCC6(C(O)CC45C)C(O)=O)C2(C)C	1	674.428	spectra/specs_ms.pklbin	CCMSLIB00000849944	16071.4	UPDATE-SINGLE-ANNOTATED-GOLD	 
1315	M-H	N/A	-1	"olean-3alpha,22beta-diol-12-en-28-oic_acid_3-O-beta-D-glucopyranosyl(1->4)-beta-D-glucopyranoside"	Other	GCYounkin	796.461	N/A	N/A	qTof	Negative	LC-ESI	795.454	lib-00026.mgf	Bronze	3	0.449881	0.15346	0.00012207	PRIVATE-USER	TAKursar	795.454	N/A	0	9	C12(C([H])([H])[H])C(=C([H])C([H])([H])C([H])(C3(C([H])([H])[H])C([H])(C(C([H])([H])[H])(C([H])([H])[H])C([H])(OC4([H])OC([H])(C([H])([H])O[H])C([H])(OC5([H])OC([H])(C([H])([H])O[H])C([H])(O[H])C([H])(O[H])C5([H])O[H])C([H])(O[H])C4([H])O[H])C([H])([H])C3([H])[H])C([H])([H])C6([H])[H])C16C([H])([H])[H])C7([H])C(C(=O)O[H])(C([H])(O[H])C([H])([H])C(C([H])([H])[H])(C([H])([H])[H])C7([H])[H])C([H])([H])C2([H])[H]	1	795.453	spectra/specs_ms.pklbin	CCMSLIB00001766358	18281.1	UPDATE-SINGLE-ANNOTATED-BRONZE	 
1316	M-H	n/a	1	NCGC00347780-02_C38H61NO9_3-[(2-Acetamido-2-deoxyhexopyranosyl)oxy]-16-hydroxyolean-12-en-28-oic acid	isolated	lfnothias	675.435	InChI=1S/C38H61NO9/c1-20(41)39-28-30(44)29(43)23(19-40)47-31(28)48-27-12-13-35(6)24(34(27,4)5)11-14-36(7)25(35)10-9-21-22-17-33(2,3)15-16-38(22,32(45)46)26(42)18-37(21,36)8/h9,22-31,40,42-44H,10-19H2,1-8H3,(H,39,41)(H,45,46)	N/A	Maxis II HD Q-TOF Bruker	negative	LC-ESI	674.427	lib-00017.mgf	Gold	1	0.626609	0.633495	0.000427246	GNPS-NIH-NATURALPRODUCTSLIBRARY_ROUND2_NEGATIVE	Jadhav/Dorrestein	674.427	n/a	0	10	CC(=O)NC1C(O)C(O)C(CO)OC1OC2CCC3(C)C(CCC4(C)C3C\C=C5\C6CC(C)(C)CCC6(C(O)CC45C)C(O)=O)C2(C)C	1	674.427	spectra/specs_ms.pklbin	CCMSLIB00000849944	118879	UPDATE-SINGLE-ANNOTATED-GOLD	 
14	M-H	N/A	-1	3-O-[beta-D-xylopyranosyl(1->2)-alpha-L-arabinopyranosyl(1->6)]-beta-D-glucopyranosyl_oleanolic_acid|oleanolic_acid_3-O-beta-D-xylopyranosyl-(1->2)-alpha-L-arabinopyranosyl-(1->6)-beta-D-glucopyranoside|pitheduloside_C	Other	GCYounkin	882.498	N/A	N/A	qTof	Negative	LC-ESI	881.49	lib-00025.mgf	Bronze	3	0.487105	2.07723	0.00183105	null	TAKursar	881.49	N/A	0	10	C12(C([H])([H])[H])C([H])(C([H])([H])C([H])=C(C3([H])C(C(=O)O[H])(C([H])([H])C([H])([H])C(C([H])([H])[H])(C([H])([H])[H])C3([H])[H])C([H])([H])C4([H])[H])C14C([H])([H])[H])C5(C([H])([H])[H])C([H])(C(C([H])([H])[H])(C([H])([H])[H])C([H])(OC6([H])OC([H])(C([H])([H])OC7([H])OC([H])([H])C([H])(O[H])C([H])(O[H])C7([H])OC8([H])OC([H])([H])C([H])(O[H])C([H])(O[H])C8([H])O[H])C([H])(O[H])C([H])(O[H])C6([H])O[H])C([H])([H])C5([H])[H])C([H])([H])C2([H])[H]	1	881.489	spectra/specs_ms.pklbin	CCMSLIB00001387513	56887.9	UPDATE-SINGLE-ANNOTATED-BRONZE	 
17	M-H	N/A	-1	3-O-[beta-D-glucopyranosyl-(1->3)-alpha-L-arabinopyranosyl]-ursolic_acid-28-O-[beta-D-glucopyranosyl]_ester	Other	GCYounkin	1044.55	N/A	N/A	qTof	Negative	LC-ESI	1043.54	lib-00025.mgf	Bronze	3	0.379356	1.63767	0.00170898	null	TAKursar	1043.54	N/A	0	13	C12(C([H])([H])[H])C(=C([H])C([H])([H])C([H])(C3(C([H])([H])[H])C([H])(C(C([H])([H])[H])(C([H])([H])[H])C([H])(OC4([H])OC([H])([H])C([H])(O[H])C([H])(OC5([H])OC([H])([H])C([H])(O[H])C([H])(O[H])C5([H])O[H])C4([H])OC6([H])OC([H])(C([H])([H])O[H])C([H])(O[H])C([H])(O[H])C6([H])O[H])C([H])([H])C3([H])[H])C([H])([H])C7([H])[H])C17C([H])([H])[H])C8([H])C(C([H])([H])C([H])([H])C(C([H])([H])[H])(C([H])([H])[H])C8([H])[H])(C(=O)OC9([H])OC([H])(C([H])([H])O[H])C([H])(O[H])C([H])(O[H])C9([H])O[H])C([H])([H])C2([H])[H]	1	1043.54	spectra/specs_ms.pklbin	CCMSLIB00001614425	214613	UPDATE-SINGLE-ANNOTATED-BRONZE	 
174	M-H	N/A	-1	Catechin_Coumarate_Coumarate_Hexose	Other	GCYounkin	744.205	N/A	N/A	qTof	Negative	LC-ESI	743.198	lib-00027.mgf	Bronze	3	0.333855	0.82125	0.000610352	PRIVATE-USER	TAKursar	743.198	N/A	0	7	c12c(c(cc(c1)O)O)CC(C(O2)c1ccc(c(c1)O)O)OC(=O)/C=C/c1ccc(cc1)OC(=O)/C=C/c1ccc(cc1)OC1OC(C(C(C1O)O)O)CO	1	743.198	spectra/specs_ms.pklbin	CCMSLIB00001055633	9.47962e+06	UPDATE-SINGLE-ANNOTATED-BRONZE	 
201	[M+H]	23284-18-6	1	ReSpect:PT204310 Peltatoside|Quer-3-Ara-Glc|quercetin-3-O-arabinoglucoside|3-[(6-O-alpha-L-Arabinopyranosyl-beta-D-glucopyranosyl)oxy]-2-(3,4-dihydroxyphenyl)-5,7-dihydroxy-4H-1-benzopyran-4-one|2-(3,4-dihydroxyphenyl	Isolated	ReSpect	0.0	1/C26H28O16/c27-9-4-12(30)16-14(5-9)40-23(8-1-2-10(28)11(29)3-8)24(19(16)34)42-26-22(37)20(35)18(33)15(41-26)7-39-25-21(36)17(32)13(31)6-38-25/h1-5,13,15,17-18,20-22,25-33,35-37H,6-7H2/t13-,15+,17-,18+,20-,21+,22+,25-,26-/m0/s1	N/A	LC-Q-TOF/MS	Positive	ESI	595.13	lib-00007.mgf	Bronze	3	0.511206	26.2548	0.015625	RESPECT	Putative ReSpect Match	595.13	N/A	0	6	C1C(C(C(C(O1)OCC2C(C(C(C(O2)OC3=C(OC4=CC(=CC(=C4C3=O)O)O)C5=CC(=C(C=C5)O)O)O)O)O)O)O)O	1	595.146	spectra/specs_ms.pklbin	CCMSLIB00000222110	1.01286e+06	UPDATE-SINGLE-ANNOTATED-BRONZE	 
213	M-H	N/A	-1	Catechin_Coumarate_Coumarate_Deoxyhexose	Other	GCYounkin	728.211	N/A	N/A	qTof	Negative	LC-ESI	727.203	lib-00027.mgf	Bronze	3	0.402772	0.755382	0.000549316	PRIVATE-USER	TAKursar	727.203	N/A	0	6	c12c(c(cc(c1)O)O)CC(C(O2)c1ccc(c(c1)O)O)OC(=O)/C=C/c1ccc(cc1)OC(=O)/C=C/c1ccc(cc1)OC1C(C(C(C(O1)C)O)O)O	1	727.203	spectra/specs_ms.pklbin	CCMSLIB00001055664	1.63301e+07	UPDATE-SINGLE-ANNOTATED-BRONZE	 
24	M-H	N/A	-1	3-O-[beta-D-xyloyranosyl-(1->2)-alpha-L-arabinopyranosyl-(1->6)-2-acetamido-2-deoxy-beta-D-glucopyranosyl]echinocystic_acid|acacioside_A	Other	GCYounkin	939.519	N/A	N/A	qTof	Negative	LC-ESI	938.512	lib-00025.mgf	Bronze	3	0.394086	1.82095	0.00170898	null	TAKursar	938.512	N/A	0	11	C12(C([H])([H])[H])C([H])(C([H])([H])C([H])=C(C3([H])C(C(=O)O[H])(C([H])([H])C([H])([H])C(C([H])([H])[H])(C([H])([H])[H])C3([H])[H])C([H])(O[H])C4([H])[H])C14C([H])([H])[H])C5(C([H])([H])[H])C([H])(C(C([H])([H])[H])(C([H])([H])[H])C([H])(OC6([H])OC([H])(C([H])([H])OC7([H])OC([H])([H])C([H])(O[H])C([H])(O[H])C7([H])OC8([H])OC([H])([H])C([H])(O[H])C([H])(O[H])C8([H])O[H])C([H])(O[H])C([H])(O[H])C6([H])N([H])C(C([H])([H])[H])=O)C([H])([H])C5([H])[H])C([H])([H])C2([H])[H]	1	938.51	spectra/specs_ms.pklbin	CCMSLIB00001538068	917885	UPDATE-SINGLE-ANNOTATED-BRONZE	 
25	M-H	N/A	-1	scoposide_D	Other	GCYounkin	1030.57	N/A	N/A	qTof	Negative	LC-ESI	1029.56	lib-00025.mgf	Bronze	3	0.255846	2.727	0.00280762	null	TAKursar	1029.56	N/A	0	9	C12(C([H])([H])[H])C([H])(C([H])([H])C([H])([H])C([H])(C3([H])C(C([H])([H])C([H])([H])C(C([H])([H])[H])(C([H])([H])[H])C3([H])[H])(C(=O)OC4([H])OC([H])(C([H])([H])O[H])C([H])(O[H])C([H])(O[H])C4([H])O[H])C([H])([H])C5([H])[H])C15C([H])([H])[H])C6(C([H])([H])[H])C([H])(C(C([H])([H])[H])(C([H])([H])[H])C([H])(OC7([H])OC([H])([H])C([H])(O[H])C([H])(OC8([H])OC([H])(C([H])([H])[H])C([H])(O[H])C([H])(OC9([H])OC([H])([H])C([H])(O[H])C([H])(O[H])C9([H])O[H])C8([H])O[H])C7([H])O[H])C([H])([H])C6([H])[H])C([H])([H])C2([H])[H]	1	1029.56	spectra/specs_ms.pklbin	CCMSLIB00001593051	171418	UPDATE-SINGLE-ANNOTATED-BRONZE	 
26	M+FA-H	n/a	1	NCGC00169251-02_C47H76O18_6-O-Hexopyranosyl-1-O-[19-hydroxy-28-oxo-3-(pentopyranosyloxy)olean-12-en-28-yl]hexopyranose	isolated	lfnothias	928.503	InChI=1S/C47H76O18/c1-42(2)14-16-47(41(59)65-40-36(57)33(54)31(52)24(63-40)20-61-38-35(56)32(53)30(51)23(18-48)62-38)17-15-45(6)21(28(47)37(42)58)8-9-26-44(5)12-11-27(43(3,4)25(44)10-13-46(26,45)7)64-39-34(55)29(50)22(49)19-60-39/h8,22-40,48-58H,9-20H2,1-7H3	N/A	Maxis II HD Q-TOF Bruker	negative	LC-ESI	973.501	lib-00017.mgf	Gold	1	0.289771	1.94359	0.00189209	GNPS-NIH-NATURALPRODUCTSLIBRARY_ROUND2_NEGATIVE	Jadhav/Dorrestein	973.501	n/a	0	8	CC1(C)CCC2(CCC3(C)\C(=C/CC4C5(C)CCC(OC6OCC(O)C(O)C6O)C(C)(C)C5CCC34C)C2C1O)C(=O)OC7OC(COC8OC(CO)C(O)C(O)C8O)C(O)C(O)C7O	1	973.499	spectra/specs_ms.pklbin	CCMSLIB00000851052	481248	UPDATE-SINGLE-ANNOTATED-GOLD	 
28	M-H	N/A	-1	Mabioside_B	Other	GCYounkin	958.514	N/A	N/A	qTof	Negative	LC-ESI	957.506	lib-00025.mgf	Bronze	3	0.274765	0.573695	0.000549316	null	TAKursar	957.506	N/A	0	6	C12(C([H])([H])[H])C([H])(C([H])([H])C([H])([H])C([H])(C3(C([H])([H])[H])C([H])(C(C([H])([H])[H])(C([H])([H])[H])C([H])(OC4([H])OC([H])(C([H])([H])OC5([H])OC([H])(C([H])([H])[H])C([H])(O[H])C([H])(O[H])C5([H])O[H])C([H])(O[H])C([H])(O[H])C4([H])OC6([H])OC([H])(C([H])([H])O[H])C([H])(O[H])C([H])(O[H])C6([H])O[H])C([H])([H])C3([H])[H])C([H])([H])C7([H])[H])C17C([H])([H])[H])C8([H])C(C([H])([H])[H])(C([H])(C([H])([H])C([H])=C(/C([H])([H])[H])C([H])([H])[H])OC8=O)OC2([H])O[H]	1	957.506	spectra/specs_ms.pklbin	CCMSLIB00001477075	1.94418e+06	UPDATE-SINGLE-ANNOTATED-BRONZE	 
302	M+FA-H	n/a	1	NCGC00381003-01_C48H78O17_(3beta,5xi,9xi,18xi)-22-Hydroxyolean-12-en-3-yl 6-deoxy-alpha-L-mannopyranosyl-(1->2)hexopyranosyl-(1->2)-beta-D-glucopyranosiduronic acid	isolated	lfnothias	926.524	InChI=1S/C48H78O17/c1-21-29(51)31(53)35(57)40(60-21)64-37-32(54)30(52)24(20-49)61-41(37)65-38-34(56)33(55)36(39(58)59)63-42(38)62-28-13-14-46(7)25(44(28,4)5)12-15-48(9)26(46)11-10-22-23-18-43(2,3)19-27(50)45(23,6)16-17-47(22,48)8/h10,21,23-38,40-42,49-57H,11-20H2,1-9H3,(H,58,59)/t21-,23?,24?,25?,26?,27?,28-,29-,30?,31+,32?,33-,34-,35+,36-,37?,38+,40-,41?,42+,45+,46-,47+,48+/m0/s1	N/A	Maxis II HD Q-TOF Bruker	negative	LC-ESI	971.522	lib-00017.mgf	Gold	1	0.285878	6.65937	0.00646973	GNPS-NIH-NATURALPRODUCTSLIBRARY_ROUND2_NEGATIVE	Jadhav/Dorrestein	971.522	n/a	0	7	C[C@@H]1O[C@@H](OC2C(O)C(O)C(CO)OC2O[C@@H]3[C@@H](O)[C@H](O)[C@H](O[C@H]3O[C@H]4CC[C@@]5(C)C(CC[C@]6(C)C5C\C=C/7C8CC(C)(C)CC(O)[C@]8(C)CC[C@@]67C)C4(C)C)C(O)=O)[C@H](O)[C@H](O)[C@H]1O	1	971.516	spectra/specs_ms.pklbin	CCMSLIB00000851265	1.11694e+06	UPDATE-SINGLE-ANNOTATED-GOLD	 
304	M-H2O-H	n/a	1	NCGC00169689-02_C48H78O19_beta-D-Glucopyranose, O-6-deoxy-alpha-L-mannopyranosyl-(1->4)-O-beta-D-glucopyranosyl-(1->6)-1-O-[(2alpha,3beta,5xi,9xi,18xi)-2,3,23-trihydroxy-28-oxours-12-en-28-yl]-	isolated	lfnothias	958.514	InChI=1S/C48H78O19/c1-20-10-13-48(15-14-46(6)23(29(48)21(20)2)8-9-28-44(4)16-24(51)39(60)45(5,19-50)27(44)11-12-47(28,46)7)43(61)67-42-36(58)33(55)31(53)26(65-42)18-62-40-37(59)34(56)38(25(17-49)64-40)66-41-35(57)32(54)30(52)22(3)63-41/h8,20-22,24-42,49-60H,9-19H2,1-7H3/t20-,21+,22+,24-,25-,26-,27?,28?,29?,30+,31-,32-,33+,34-,35-,36-,37-,38-,39+,40-,41+,42+,44+,45+,46-,47-,48+/m1/s1	N/A	Maxis II HD Q-TOF Bruker	negative	LC-ESI	939.495	lib-00017.mgf	Gold	1	0.299405	2.33877	0.00219727	GNPS-NIH-NATURALPRODUCTSLIBRARY_ROUND2_NEGATIVE	Jadhav/Dorrestein	939.495	n/a	0	8	C[C@@H]1CC[C@@]2(CC[C@]3(C)\C(=C/CC4[C@@]5(C)C[C@@H](O)[C@H](O)[C@@](C)(CO)C5CC[C@@]34C)C2[C@H]1C)C(=O)O[C@@H]6O[C@H](CO[C@@H]7O[C@H](CO)[C@@H](O[C@@H]8O[C@@H](C)[C@H](O)[C@@H](O)[C@H]8O)[C@H](O)[C@H]7O)[C@@H](O)[C@H](O)[C@H]6O	1	939.493	spectra/specs_ms.pklbin	CCMSLIB00000850544	136491	UPDATE-SINGLE-ANNOTATED-GOLD	 
308	M-H	N/A	-1	Ginsenoside_Ro	Other	GCYounkin	956.498	N/A	N/A	qTof	Negative	LC-ESI	955.491	lib-00025.mgf	Bronze	3	0.326881	2.49125	0.00238037	null	TAKursar	955.491	N/A	0	7	C12(C([H])([H])[H])C(=C([H])C([H])([H])C([H])(C3(C([H])(C(C([H])([H])[H])(C([H])([H])[H])C([H])(C([H])([H])C3([H])[H])OC4([H])OC([H])(C(O[H])=O)C([H])(O[H])C([H])(O[H])C4([H])OC5([H])OC([H])(C([H])([H])O[H])C([H])(O[H])C([H])(O[H])C5([H])O[H])C([H])([H])C6([H])[H])C([H])([H])[H])C16C([H])([H])[H])C([H])(C([H])([H])C(C([H])([H])C7([H])[H])(C([H])([H])[H])C([H])([H])[H])C7(C(=O)OC8([H])OC([H])(C([H])([H])O[H])C([H])(O[H])C([H])(O[H])C8([H])O[H])C([H])([H])C2([H])[H]	1	955.488	spectra/specs_ms.pklbin	CCMSLIB00001232581	5.92241e+06	UPDATE-SINGLE-ANNOTATED-BRONZE	 
329	M-H	N/A	-1	"3-O-beta-(2'-O-acetyl)-D-xylopyranosyl-6-O-beta-D-glucopyranosyl-(24S)-3beta,6alpha,24alpha,25-tetrahydroxy-9,19-cyclolanostane|agroastragaloside_V"	Other	GCYounkin	812.492	N/A	N/A	qTof	Negative	LC-ESI	811.485	lib-00025.mgf	Bronze	3	0.305115	0.752142	0.000610352	null	TAKursar	811.485	N/A	0	6	[C@@]12([C@]3([H])C(C([H])([H])[H])(C([H])([H])[H])[C@@]([H])(O[C@]4([H])OC([H])([H])[C@@]([H])(O[H])[C@]([H])(O[H])[C@@]4([H])OC(C([H])([H])[H])=O)C([H])([H])C1([H])[H])[C@]5([C@@]([H])(C([H])([H])[C@]3([H])O[C@]6([H])O[C@]([H])(C([H])([H])O[H])[C@]([H])(O[H])[C@@]([H])(O[H])[C@@]6([H])O[H])[C@@]7(C([H])([H])[H])[C@@](C([H])([H])[H])([C@@]([H])([C@]([H])(C([H])([H])[H])C([H])([H])C([H])([H])[C@]([H])(O[H])C(C([H])([H])[H])(C([H])([H])[H])O[H])C([H])([H])C7([H])[H])C([H])([H])C5([H])[H])C2([H])[H]	1	811.484	spectra/specs_ms.pklbin	CCMSLIB00001441714	7468.16	UPDATE-SINGLE-ANNOTATED-BRONZE	 
337	M-H	N/A	-1	"25-O-beta-D-allopyranosyl-5beta,19-epoxycucurbita-6,24-diene-3beta,23xi-diol_3-O-beta-D-glucopyranoside|goyaglycoside-f"	Other	GCYounkin	780.466	N/A	N/A	qTof	Negative	LC-ESI	779.459	lib-00025.mgf	Bronze	3	0.480644	0.783045	0.000610352	null	TAKursar	779.459	N/A	0	7	C12(C3([H])C4(C([H])([H])[H])C(C([H])([H])[H])(C([H])(C([H])(C([H])([H])[H])C([H])([H])C([H])(C([H])=C(/C([H])([H])[H])C([H])([H])[H])OC5([H])OC([H])(C([H])([H])O[H])C([H])(O[H])C([H])(O[H])C5([H])O[H])C([H])([H])C4([H])[H])C([H])([H])C1([H])[H])C6([H])C(C([H])=C3[H])(C(C([H])([H])[H])(C([H])([H])[H])C([H])(OC7([H])OC([H])(C([H])([H])O[H])C([H])(O[H])C([H])(O[H])C7([H])O[H])C([H])([H])C6([H])[H])OC2([H])[H]	1	779.458	spectra/specs_ms.pklbin	CCMSLIB00001558087	174068	UPDATE-SINGLE-ANNOTATED-BRONZE	 
341	M-H	N/A	-1	tubeimoside_IV	Other	GCYounkin	786.477	N/A	N/A	qTof	Negative	LC-ESI	785.469	lib-00025.mgf	Bronze	3	0.331234	0.621643	0.000488281	null	TAKursar	785.469	N/A	0	7	[C@@]12(C([H])([H])O[H])[C@]([H])(C([H])([H])C([H])([H])[C@]([H])([C@@]([H])([C@](C([H])([H])[H])(O[H])C([H])([H])C([H])([H])C([H])=C(/C([H])([H])[H])C([H])([H])O[H])C([H])([H])C3([H])[H])[C@]13C([H])([H])[H])[C@]4(C([H])([H])[H])[C@]([H])(C(C([H])([H])[H])(C([H])([H])[H])[C@@]([H])(O[C@]5([H])O[C@]([H])(C([H])([H])O[H])[C@@]([H])(O[H])[C@]([H])(O[H])[C@@]5([H])O[C@]6([H])OC([H])([H])[C@]([H])(O[H])[C@]([H])(O[H])[C@@]6([H])O[H])C([H])([H])C4([H])[H])C([H])([H])[C@]2([H])O[H]	1	785.469	spectra/specs_ms.pklbin	CCMSLIB00001458652	22049.3	UPDATE-SINGLE-ANNOTATED-BRONZE	 
344	M-H	N/A	-1	"3-O-beta-d-glucopyranosyl-29-O-beta-d-glucopyranosyl-3beta,6beta,23,29-tetrahydroxyolean-12-ene"	Other	GCYounkin	798.477	N/A	N/A	qTof	Negative	LC-ESI	797.469	lib-00025.mgf	Bronze	3	0.373258	0.229608	0.000183105	null	TAKursar	797.469	N/A	0	6	[C@@]12(C([H])([H])[H])[C@]([H])(C([H])([H])C([H])=C([C@@]3([H])[C@](C([H])([H])[H])(C([H])([H])C([H])([H])[C@@](C([H])([H])[H])(C([H])([H])O[C@]4([H])O[C@]([H])(C([H])([H])O[H])[C@@]([H])(O[H])[C@]([H])(O[H])[C@@]4([H])O[H])C3([H])[H])C([H])([H])C5([H])[H])[C@]15C([H])([H])[H])[C@]6(C([H])([H])[H])[C@@]([H])([C@](C([H])([H])[H])(C([H])([H])O[H])[C@@]([H])(O[C@]7([H])O[C@]([H])(C([H])([H])O[H])[C@@]([H])(O[H])[C@]([H])(O[H])[C@@]7([H])O[H])C([H])([H])C6([H])[H])[C@]([H])(O[H])C2([H])[H]	1	797.469	spectra/specs_ms.pklbin	CCMSLIB00001521982	35669.5	UPDATE-SINGLE-ANNOTATED-BRONZE	 
346	M-H	N/A	-1	Di_Catechin_Type_B_Coumarate_Coumarate	Other	GCYounkin	870.216	N/A	N/A	qTof	Negative	LC-ESI	869.209	lib-00027.mgf	Bronze	3	0.372026	2.59811	0.0022583	PRIVATE-USER	TAKursar	869.209	N/A	0	8	c12c(c(cc(c1)O)O)C(C(C(O2)c1ccc(c(c1)O)O)O)c1c2c(c(cc1O)O)CC(C(O2)c1ccc(c(c1)OC(=O)/C=C/c1ccc(cc1)OC(=O)/C=C/c1ccc(cc1)O)O)O	1	869.206	spectra/specs_ms.pklbin	CCMSLIB00001056756	23818.3	UPDATE-SINGLE-ANNOTATED-BRONZE	 
347	M-H	N/A	-1	Di_Catechin_Type_B_Coumarate	Other	GCYounkin	724.179	N/A	N/A	qTof	Negative	LC-ESI	723.172	lib-00027.mgf	Bronze	3	0.443327	0.759593	0.000549316	PRIVATE-USER	TAKursar	723.172	N/A	0	7	c12c(c(cc(c1)O)O)C(C(C(O2)c1ccc(c(c1)O)O)O)c1c2c(c(cc1O)O)CC(C(O2)c1ccc(c(c1)OC(=O)/C=C/c1ccc(cc1)O)O)O	1	723.172	spectra/specs_ms.pklbin	CCMSLIB00001056702	702725	UPDATE-SINGLE-ANNOTATED-BRONZE	 
348	M-H	N/A	-1	Di_Catechin_Type_B_Cinnamate	Other	GCYounkin	708.184	N/A	N/A	qTof	Negative	LC-ESI	707.177	lib-00027.mgf	Bronze	3	0.343721	2.41663	0.00170898	PRIVATE-USER	TAKursar	707.177	N/A	0	8	c12c(c(cc(c1)O)O)C(C(C(O2)c1ccc(c(c1)O)O)O)c1c2c(c(cc1O)OC(=O)/C=C/c1ccccc1)CC(C(O2)c1ccc(c(c1)O)O)O	1	707.175	spectra/specs_ms.pklbin	CCMSLIB00001056708	565670	UPDATE-SINGLE-ANNOTATED-BRONZE	 
425	M-H	N/A	-1	3-O-beta-D-apiofuranosyl-(1->3)-beta-D-galactopyranosyl-(1->3)-[beta-D-glucopyranosyl-(1->2)]-beta-D-glucopyranosyloleanolic_acid	Other	GCYounkin	1074.56	N/A	N/A	qTof	Negative	LC-ESI	1073.55	lib-00026.mgf	Bronze	3	0.405019	3.97974	0.00427246	PRIVATE-USER	TAKursar	1073.55	N/A	0	10	C12(C([H])([H])[H])C(=C([H])C([H])([H])C([H])(C3(C([H])([H])[H])C([H])(C(C([H])([H])[H])(C([H])([H])[H])C([H])(OC4([H])OC([H])(C([H])([H])O[H])C([H])(O[H])C([H])(OC5([H])OC([H])(C([H])([H])O[H])C([H])(O[H])C([H])(OC6([H])OC([H])([H])C(O[H])(C([H])([H])O[H])C6([H])O[H])C5([H])O[H])C4([H])OC7([H])OC([H])(C([H])([H])O[H])C([H])(O[H])C([H])(O[H])C7([H])O[H])C([H])([H])C3([H])[H])C([H])([H])C8([H])[H])C18C([H])([H])[H])C9([H])C(C([H])([H])C([H])([H])C(C([H])([H])[H])(C([H])([H])[H])C9([H])[H])(C(=O)O[H])C([H])([H])C2([H])[H]	1	1073.55	spectra/specs_ms.pklbin	CCMSLIB00001789183	142530	UPDATE-SINGLE-ANNOTATED-BRONZE	 
426	M+FA-H	n/a	1	NCGC00380668-01_C48H78O18_(3beta,5xi,9xi,22beta)-22,24-Dihydroxyolean-12-en-3-yl 6-deoxy-alpha-L-mannopyranosyl-(1->2)-beta-D-galactopyranosyl-(1->2)-beta-D-glucopyranosiduronic acid	isolated	lfnothias	942.519	InChI=1S/C48H78O18/c1-21-29(52)31(54)35(58)40(61-21)65-37-32(55)30(53)24(19-49)62-41(37)66-38-34(57)33(56)36(39(59)60)64-42(38)63-28-12-13-45(5)25(46(28,6)20-50)11-14-48(8)26(45)10-9-22-23-17-43(2,3)18-27(51)44(23,4)15-16-47(22,48)7/h9,21,23-38,40-42,49-58H,10-20H2,1-8H3,(H,59,60)/t21-,23-,24+,25?,26?,27+,28-,29-,30-,31+,32-,33-,34-,35+,36-,37+,38+,40-,41-,42+,44+,45-,46+,47+,48+/m0/s1	N/A	Maxis II HD Q-TOF Bruker	negative	LC-ESI	987.517	lib-00017.mgf	Gold	1	0.666171	3.09033	0.00305176	GNPS-NIH-NATURALPRODUCTSLIBRARY_ROUND2_NEGATIVE	Jadhav/Dorrestein	987.517	n/a	0	6	C[C@@H]1O[C@@H](O[C@@H]2[C@@H](O)[C@@H](O)[C@@H](CO)O[C@H]2O[C@@H]3[C@@H](O)[C@H](O)[C@H](O[C@H]3O[C@H]4CC[C@@]5(C)C(CC[C@]6(C)C5C\C=C/7[C@@H]8CC(C)(C)C[C@@H](O)[C@]8(C)CC[C@@]67C)[C@@]4(C)CO)C(O)=O)[C@H](O)[C@H](O)[C@H]1O	1	987.514	spectra/specs_ms.pklbin	CCMSLIB00000849764	445813	UPDATE-SINGLE-ANNOTATED-GOLD	 
512	M-H2O-H	n/a	1	NCGC00169689-02_C48H78O19_beta-D-Glucopyranose, O-6-deoxy-alpha-L-mannopyranosyl-(1->4)-O-beta-D-glucopyranosyl-(1->6)-1-O-[(2alpha,3beta,5xi,9xi,18xi)-2,3,23-trihydroxy-28-oxours-12-en-28-yl]-	isolated	lfnothias	958.514	InChI=1S/C48H78O19/c1-20-10-13-48(15-14-46(6)23(29(48)21(20)2)8-9-28-44(4)16-24(51)39(60)45(5,19-50)27(44)11-12-47(28,46)7)43(61)67-42-36(58)33(55)31(53)26(65-42)18-62-40-37(59)34(56)38(25(17-49)64-40)66-41-35(57)32(54)30(52)22(3)63-41/h8,20-22,24-42,49-60H,9-19H2,1-7H3/t20-,21+,22+,24-,25-,26-,27?,28?,29?,30+,31-,32-,33+,34-,35-,36-,37-,38-,39+,40-,41+,42+,44+,45+,46-,47-,48+/m1/s1	N/A	Maxis II HD Q-TOF Bruker	negative	LC-ESI	939.495	lib-00017.mgf	Gold	1	0.306571	0.714625	0.000671387	GNPS-NIH-NATURALPRODUCTSLIBRARY_ROUND2_NEGATIVE	Jadhav/Dorrestein	939.495	n/a	0	8	C[C@@H]1CC[C@@]2(CC[C@]3(C)\C(=C/CC4[C@@]5(C)C[C@@H](O)[C@H](O)[C@@](C)(CO)C5CC[C@@]34C)C2[C@H]1C)C(=O)O[C@@H]6O[C@H](CO[C@@H]7O[C@H](CO)[C@@H](O[C@@H]8O[C@@H](C)[C@H](O)[C@@H](O)[C@H]8O)[C@H](O)[C@H]7O)[C@@H](O)[C@H](O)[C@H]6O	1	939.494	spectra/specs_ms.pklbin	CCMSLIB00000850544	155536	UPDATE-SINGLE-ANNOTATED-GOLD	 
524	M-H	N/A	-1	23-deoxyarjunolitin	Other	GCYounkin	796.461	N/A	N/A	qTof	Negative	LC-ESI	795.454	lib-00026.mgf	Bronze	3	0.46546	0.23019	0.000183105	PRIVATE-USER	TAKursar	795.454	N/A	0	6	C12(C([H])([H])[H])C(=C([H])C([H])([H])C([H])(C3(C([H])([H])[H])C([H])(C(C([H])([H])[H])(C([H])([H])[H])C([H])(OC4([H])OC([H])(C([H])([H])O[H])C([H])(O[H])C([H])(O[H])C4([H])O[H])C([H])(O[H])C3([H])[H])C([H])([H])C5([H])[H])C15C([H])([H])[H])C6([H])C(C([H])([H])C([H])([H])C(C([H])([H])[H])(C([H])([H])[H])C6([H])[H])(C(=O)OC7([H])OC([H])(C([H])([H])O[H])C([H])(O[H])C([H])(O[H])C7([H])O[H])C([H])([H])C2([H])[H]	1	795.453	spectra/specs_ms.pklbin	CCMSLIB00001723180	95241	UPDATE-SINGLE-ANNOTATED-BRONZE	 
529	M-H	N/A	-1	hederoside_D2	Other	GCYounkin	766.45	N/A	N/A	qTof	Negative	LC-ESI	765.443	lib-00026.mgf	Bronze	3	0.401389	0.558168	0.000427246	PRIVATE-USER	TAKursar	765.443	N/A	0	6	C12(C([H])([H])[H])C(=C([H])C([H])([H])C([H])(C3(C([H])([H])[H])C([H])(C(C([H])([H])[H])(C([H])([H])O[H])C([H])(OC4([H])OC([H])(C([H])([H])O[H])C([H])(O[H])C([H])(O[H])C4([H])OC5([H])OC([H])([H])C([H])(O[H])C([H])(O[H])C5([H])O[H])C([H])([H])C3([H])[H])C([H])([H])C6([H])[H])C16C([H])([H])[H])C7([H])C(C([H])([H])C([H])([H])C(C([H])([H])[H])(C([H])([H])[H])C7([H])[H])(C(=O)O[H])C([H])([H])C2([H])[H]	1	765.443	spectra/specs_ms.pklbin	CCMSLIB00001935336	43843.1	UPDATE-SINGLE-ANNOTATED-BRONZE	 
533	M-H	N/A	-1	3-O-(beta-D-galactopyranosyl-(1->3)-beta-D-glucopyranosyl)serjanic_acid_28-O-beta-D-glucopyranoside	Other	GCYounkin	986.509	N/A	N/A	qTof	Negative	LC-ESI	985.501	lib-00025.mgf	Bronze	3	0.324731	13.4395	0.0132446	null	TAKursar	985.501	N/A	0	6	C12(C([H])([H])[H])C(=C([H])C([H])([H])C([H])(C3(C([H])([H])[H])C([H])(C(C([H])([H])[H])(C([H])([H])[H])C([H])(OC4([H])OC([H])(C([H])([H])O[H])C([H])(O[H])C([H])(OC5([H])OC([H])(C([H])([H])O[H])C([H])(O[H])C([H])(O[H])C5([H])O[H])C4([H])O[H])C([H])([H])C3([H])[H])C([H])([H])C6([H])[H])C16C([H])([H])[H])C7([H])C(C([H])([H])C([H])([H])C(C([H])([H])[H])(C(=O)OC([H])([H])[H])C7([H])[H])(C(=O)OC8([H])OC([H])(C([H])([H])O[H])C([H])(O[H])C([H])(O[H])C8([H])O[H])C([H])([H])C2([H])[H]	1	985.515	spectra/specs_ms.pklbin	CCMSLIB00001608067	23464.4	UPDATE-SINGLE-ANNOTATED-BRONZE	 
538	M-H	N/A	-1	Myricetin_Coumarate_Gallate_Deoxyhexose	Other	GCYounkin	762.143	N/A	N/A	qTof	Negative	LC-ESI	761.136	lib-00027.mgf	Bronze	3	0.256602	0.240569	0.000183105	PRIVATE-USER	TAKursar	761.136	N/A	0	8	c12c(c(cc(c1)O)OC1C(C(O)OC(C1O)C)O)c(=O)c(c(o2)c1cc(c(c(c1)O)O)O)OC(=O)c1cc(c(c(c1)OC(=O)/C=C/c1ccc(cc1)O)O)O	1	761.136	spectra/specs_ms.pklbin	CCMSLIB00001056195	1.03335e+06	UPDATE-SINGLE-ANNOTATED-BRONZE	 
541	M-H	N/A	-1	Myricetin_Coumarate_Gallate_Deoxyhexose	Other	GCYounkin	762.143	N/A	N/A	qTof	Negative	LC-ESI	761.136	lib-00027.mgf	Bronze	3	0.25692	1.44341	0.00109863	PRIVATE-USER	TAKursar	761.136	N/A	0	8	c12c(c(cc(c1)O)OC1C(C(O)OC(C1O)C)O)c(=O)c(c(o2)c1cc(c(c(c1)O)O)O)OC(=O)c1cc(c(c(c1)OC(=O)/C=C/c1ccc(cc1)O)O)O	1	761.135	spectra/specs_ms.pklbin	CCMSLIB00001056195	1.3026e+06	UPDATE-SINGLE-ANNOTATED-BRONZE	 
546	M-H	N/A	-1	"astragalin_2'',3''-O-digallate"	Other	GCYounkin	752.122	N/A	N/A	qTof	Negative	LC-ESI	751.115	lib-00025.mgf	Bronze	3	0.310807	0.568816	0.000427246	null	TAKursar	751.115	N/A	0	6	C1(O[C@]2([H])O[C@]([H])(C([H])([H])O[H])[C@@]([H])(O[H])[C@]([H])(OC(=O)c3c([H])c(O[H])c(O[H])c(O[H])c3[H])[C@@]2([H])OC(=O)c4c([H])c(O[H])c(O[H])c(O[H])c4[H])=C(Oc(c([H])c(O[H])c([H])c5O[H])c5C1=O)c6c([H])c([H])c(O[H])c([H])c6[H]	1	751.116	spectra/specs_ms.pklbin	CCMSLIB00001399771	785871	UPDATE-SINGLE-ANNOTATED-BRONZE	 
552	M-H	n/a	1	NCGC00385731-01_C46H74O17_(3beta,5xi,9xi,16alpha)-3-{[alpha-L-Arabinopyranosyl-(1->2)-alpha-L-arabinopyranosyl-(1->6)-beta-D-glucopyranosyl]oxy}-16-hydroxyolean-12-en-28-oic acid	isolated	lfnothias	898.493	InChI=1S/C46H74O17/c1-41(2)14-15-46(40(56)57)22(16-41)21-8-9-27-43(5)12-11-29(42(3,4)26(43)10-13-44(27,6)45(21,7)17-28(46)49)62-38-35(55)33(53)32(52)25(61-38)20-60-39-36(31(51)24(48)19-59-39)63-37-34(54)30(50)23(47)18-58-37/h8,22-39,47-55H,9-20H2,1-7H3,(H,56,57)/t22-,23-,24-,25+,26?,27?,28+,29-,30-,31-,32+,33-,34+,35+,36+,37-,38-,39-,43-,44+,45+,46+/m0/s1	N/A	Maxis II HD Q-TOF Bruker	negative	LC-ESI	897.485	lib-00017.mgf	Gold	1	0.62842	2.9923	0.00268555	GNPS-NIH-NATURALPRODUCTSLIBRARY_ROUND2_NEGATIVE	Jadhav/Dorrestein	897.485	n/a	0	14	CC1(C)CC[C@@]2([C@H](O)C[C@]3(C)\C(=C/CC4[C@@]5(C)CC[C@H](O[C@@H]6O[C@H](CO[C@@H]7OC[C@H](O)[C@H](O)[C@H]7O[C@@H]8OC[C@H](O)[C@H](O)[C@H]8O)[C@@H](O)[C@H](O)[C@H]6O)C(C)(C)C5CC[C@@]34C)[C@@H]2C1)C(O)=O	1	897.482	spectra/specs_ms.pklbin	CCMSLIB00000851204	40032.6	UPDATE-SINGLE-ANNOTATED-GOLD	 
572	M-H	N/A	-1	"6-O-[(9Z,12Z,15Z)-octadeca-9,12,15-trienoyl]-beta-D-fructofuranosyl-(2->1)-alpha-D-glucopyranoside"	Other	GCYounkin	602.33	N/A	N/A	qTof	Negative	LC-ESI	601.323	lib-00025.mgf	Bronze	3	0.31018	3.55255	0.00213623	null	TAKursar	601.323	N/A	0	6	[C@@]1(C([H])([H])O[H])(O[C@]([H])(C([H])([H])OC(=O)C([H])([H])C([H])([H])C([H])([H])C([H])([H])C([H])([H])C([H])([H])C([H])([H])C([H])=C([H])/C([H])([H])C([H])=C([H])/C([H])([H])C([H])=C([H])/C([H])([H])C([H])([H])[H])[C@@]([H])(O[H])[C@]1([H])O[H])O[C@@]2([H])O[C@]([H])(C([H])([H])O[H])[C@@]([H])(O[H])[C@]([H])(O[H])[C@@]2([H])O[H]	1	601.321	spectra/specs_ms.pklbin	CCMSLIB00001240606	7389.16	UPDATE-SINGLE-ANNOTATED-BRONZE	 
664	M-H2O-H	n/a	1	NCGC00169689-02_C48H78O19_beta-D-Glucopyranose, O-6-deoxy-alpha-L-mannopyranosyl-(1->4)-O-beta-D-glucopyranosyl-(1->6)-1-O-[(2alpha,3beta,5xi,9xi,18xi)-2,3,23-trihydroxy-28-oxours-12-en-28-yl]-	isolated	lfnothias	958.514	InChI=1S/C48H78O19/c1-20-10-13-48(15-14-46(6)23(29(48)21(20)2)8-9-28-44(4)16-24(51)39(60)45(5,19-50)27(44)11-12-47(28,46)7)43(61)67-42-36(58)33(55)31(53)26(65-42)18-62-40-37(59)34(56)38(25(17-49)64-40)66-41-35(57)32(54)30(52)22(3)63-41/h8,20-22,24-42,49-60H,9-19H2,1-7H3/t20-,21+,22+,24-,25-,26-,27?,28?,29?,30+,31-,32-,33+,34-,35-,36-,37-,38-,39+,40-,41+,42+,44+,45+,46-,47-,48+/m1/s1	N/A	Maxis II HD Q-TOF Bruker	negative	LC-ESI	939.495	lib-00017.mgf	Gold	1	0.308374	0.649659	0.000610352	GNPS-NIH-NATURALPRODUCTSLIBRARY_ROUND2_NEGATIVE	Jadhav/Dorrestein	939.495	n/a	0	8	C[C@@H]1CC[C@@]2(CC[C@]3(C)\C(=C/CC4[C@@]5(C)C[C@@H](O)[C@H](O)[C@@](C)(CO)C5CC[C@@]34C)C2[C@H]1C)C(=O)O[C@@H]6O[C@H](CO[C@@H]7O[C@H](CO)[C@@H](O[C@@H]8O[C@@H](C)[C@H](O)[C@@H](O)[C@H]8O)[C@H](O)[C@H]7O)[C@@H](O)[C@H](O)[C@H]6O	1	939.496	spectra/specs_ms.pklbin	CCMSLIB00000850544	1.53904e+06	UPDATE-SINGLE-ANNOTATED-GOLD	 
670	M-H	N/A	-1	Quercitin_Gallate_Gallate_Coumarate	Other	GCYounkin	752.101	N/A	N/A	qTof	Negative	LC-ESI	751.094	lib-00027.mgf	Bronze	3	0.407567	26.0037	0.0195312	PRIVATE-USER	TAKursar	751.094	N/A	0	6	c12c(c(cc(c1)O)O)c(=O)c(c(o2)c1cc(c(cc1)O)O)OC(=O)c1cc(c(c(c1)OC(=O)c1cc(c(c(c1)O)O)O)O)Oc1ccc(cc1)/C=C/C(=O)O	1	751.114	spectra/specs_ms.pklbin	CCMSLIB00001055882	556657	UPDATE-SINGLE-ANNOTATED-BRONZE	 
702	M-H	N/A	-1	6'''-feruloylsaponarin	Other	GCYounkin	754.211	N/A	N/A	qTof	Negative	LC-ESI	753.204	lib-00026.mgf	Bronze	3	0.276124	2.91723	0.00219727	PRIVATE-USER	TAKursar	753.204	N/A	0	7	c1(c([H])c2c(OC(c3c([H])c([H])c(O[H])c([H])c3[H])=C([H])C2=O)c([H])c1OC4([H])OC([H])(C([H])([H])OC(=O)C([H])=C([H])c5c([H])c([H])c(O[H])c(OC([H])([H])[H])c5[H])C([H])(O[H])C([H])(O[H])C4([H])O[H])C6([H])OC([H])(C([H])([H])O[H])C([H])(O[H])C([H])(O[H])C6([H])O[H]	1	753.206	spectra/specs_ms.pklbin	CCMSLIB00001904564	14348.3	UPDATE-SINGLE-ANNOTATED-BRONZE	 
704	M+FA-H	n/a	1	NCGC00385241-01_C59H96O26_6-Deoxy-alpha-L-mannopyranosyl-(1->3)-beta-D-xylopyranosyl-(1->4)-6-deoxy-alpha-L-mannopyranosyl-(1->2)-6-deoxy-1-O-{(2beta,3beta,5xi,9xi,16alpha)-3-[(6-deoxy-alpha-L-mannopyranosyl)oxy]-2,16,23-trihydroxy-28-oxoolean-12-en-28-yl}-beta-D-galactopyranose	isolated	lfnothias	1220.62	InChI=1S/C59H96O26/c1-22-33(64)36(67)40(71)49(77-22)82-45-29(62)20-76-48(43(45)74)81-44-25(4)80-50(42(73)39(44)70)83-46-38(69)35(66)24(3)79-52(46)85-53(75)59-16-15-54(5,6)17-27(59)26-11-12-31-55(7)18-28(61)47(84-51-41(72)37(68)34(65)23(2)78-51)56(8,21-60)30(55)13-14-57(31,9)58(26,10)19-32(59)63/h11,22-25,27-52,60-74H,12-21H2,1-10H3/t22-,23-,24+,25-,27-,28-,29+,30?,31?,32+,33-,34-,35-,36+,37+,38-,39-,40+,41+,42+,43+,44-,45-,46+,47-,48-,49-,50-,51-,52-,55-,56-,57+,58+,59+/m0/s1	N/A	Maxis II HD Q-TOF Bruker	negative	LC-ESI	1265.62	lib-00017.mgf	Gold	1	0.498291	0.675157	0.000854492	GNPS-NIH-NATURALPRODUCTSLIBRARY_ROUND2_NEGATIVE	Jadhav/Dorrestein	1265.62	n/a	0	7	C[C@@H]1O[C@@H](O[C@H]2[C@H](O)CO[C@@H](O[C@H]3[C@H](C)O[C@@H](O[C@@H]4[C@@H](O)[C@@H](O)[C@@H](C)O[C@H]4OC(=O)[C@]56CCC(C)(C)C[C@H]5C/7=C/CC8[C@@]9(C)C[C@H](O)[C@H](O[C@@H]%10O[C@@H](C)[C@H](O)[C@@H](O)[C@H]%10O)[C@@](C)(CO)C9CC[C@@]8(C)[C@]7(C)C[C@H]6O)[C@H](O)[C@@H]3O)[C@@H]2O)[C@H](O)[C@H](O)[C@H]1O	1	1265.62	spectra/specs_ms.pklbin	CCMSLIB00000849941	714137	UPDATE-SINGLE-ANNOTATED-GOLD	 
786	M-H	N/A	-1	Afzelechin_Coumarate_Cinnamate_Hexose	Other	GCYounkin	712.216	N/A	N/A	qTof	Negative	LC-ESI	711.208	lib-00027.mgf	Bronze	3	0.309203	2.40293	0.00170898	PRIVATE-USER	TAKursar	711.208	N/A	0	7	c12c(c(cc(c1)O)OCC1OC(O)C(C(C1O)O)O)CC(C(O2)c1ccc(cc1)OC(=O)/C=C/c1ccc(cc1)O)OC(=O)/C=C/c1ccccc1	1	711.207	spectra/specs_ms.pklbin	CCMSLIB00001055472	1.76536e+06	UPDATE-SINGLE-ANNOTATED-BRONZE	 
814	M-H	N/A	-1	Afzelechin_Catechin_Type_B_Coumarate_Coumarate	Other	GCYounkin	854.221	N/A	N/A	qTof	Negative	LC-ESI	853.214	lib-00027.mgf	Bronze	3	0.257329	1.64532	0.00140381	PRIVATE-USER	TAKursar	853.214	N/A	0	6	c12c(c(cc(c1)O)O)C(C(C(O2)c1cc(c(cc1)O)O)O)c1c2c(c(cc1O)O)CC(C(O2)c1ccc(cc1)OC(=O)/C=C/c1ccc(cc1)O)OC(=O)/C=C/c1ccc(cc1)O	1	853.212	spectra/specs_ms.pklbin	CCMSLIB00001056414	23456.6	UPDATE-SINGLE-ANNOTATED-BRONZE	 
829	M-H	N/A	-1	Afzelechin_Catechin_Type_B_Coumarate_Coumarate	Other	GCYounkin	854.221	N/A	N/A	qTof	Negative	LC-ESI	853.214	lib-00027.mgf	Bronze	3	0.297162	0.715356	0.000610352	PRIVATE-USER	TAKursar	853.214	N/A	0	7	c12c(c(cc(c1)O)O)C(C(C(O2)c1cc(c(cc1)O)O)O)c1c2c(c(cc1O)O)CC(C(O2)c1ccc(cc1)OC(=O)/C=C/c1ccc(cc1)O)OC(=O)/C=C/c1ccc(cc1)O	1	853.214	spectra/specs_ms.pklbin	CCMSLIB00001056414	94168.2	UPDATE-SINGLE-ANNOTATED-BRONZE	 
834	M-H	N/A	-1	Di_Afzelechin_Type_B_Coumarate_Cinnamate	Other	GCYounkin	822.231	N/A	N/A	qTof	Negative	LC-ESI	821.224	lib-00027.mgf	Bronze	3	0.317558	0.0743222	6.10352e-05	PRIVATE-USER	TAKursar	821.224	N/A	0	7	c12c(c(cc(c1)O)O)C(C(C(O2)c1ccc(cc1)O)O)c1c2c(c(cc1O)O)CC(C(O2)c1ccc(cc1)OC(=O)/C=C/c1ccc(cc1)O)OC(=O)/C=C/c1ccccc1	1	821.224	spectra/specs_ms.pklbin	CCMSLIB00001056336	81966.9	UPDATE-SINGLE-ANNOTATED-BRONZE	 
892	M-H	N/A	-1	Afzelechin_Catechin_Type_B_Coumarate_Gallate	Other	GCYounkin	860.195	N/A	N/A	qTof	Negative	LC-ESI	859.188	lib-00027.mgf	Bronze	3	0.409833	4.61748	0.00396729	PRIVATE-USER	TAKursar	859.188	N/A	0	8	c12c(c(cc(c1)O)O)C(C(C(O2)c1cc(c(cc1)O)O)O)c1c2c(c(cc1O)OC(=O)c1cc(c(c(c1)O)O)O)CC(C(O2)c1ccc(cc1)OC(=O)/C=C/c1ccc(cc1)O)O	1	859.184	spectra/specs_ms.pklbin	CCMSLIB00001056417	691342	UPDATE-SINGLE-ANNOTATED-BRONZE	 
9	M-H	n/a	1	NCGC00347780-02_C38H61NO9_3-[(2-Acetamido-2-deoxyhexopyranosyl)oxy]-16-hydroxyolean-12-en-28-oic acid	isolated	lfnothias	675.435	InChI=1S/C38H61NO9/c1-20(41)39-28-30(44)29(43)23(19-40)47-31(28)48-27-12-13-35(6)24(34(27,4)5)11-14-36(7)25(35)10-9-21-22-17-33(2,3)15-16-38(22,32(45)46)26(42)18-37(21,36)8/h9,22-31,40,42-44H,10-19H2,1-8H3,(H,39,41)(H,45,46)	N/A	Maxis II HD Q-TOF Bruker	negative	LC-ESI	674.427	lib-00017.mgf	Gold	1	0.893236	0.904993	0.000610352	GNPS-NIH-NATURALPRODUCTSLIBRARY_ROUND2_NEGATIVE	Jadhav/Dorrestein	674.427	n/a	0	14	CC(=O)NC1C(O)C(O)C(CO)OC1OC2CCC3(C)C(CCC4(C)C3C\C=C5\C6CC(C)(C)CCC6(C(O)CC45C)C(O)=O)C2(C)C	1	674.428	spectra/specs_ms.pklbin	CCMSLIB00000849944	612074	UPDATE-SINGLE-ANNOTATED-GOLD	 
921	M-H	N/A	-1	3-O-[beta-D-xylopyranosyl(1->2)-alpha-L-arabinopyranosyl(1->6)]-beta-D-glucopyranosyl_oleanolic_acid|oleanolic_acid_3-O-beta-D-xylopyranosyl-(1->2)-alpha-L-arabinopyranosyl-(1->6)-beta-D-glucopyranoside|pitheduloside_C	Other	GCYounkin	882.498	N/A	N/A	qTof	Negative	LC-ESI	881.49	lib-00025.mgf	Bronze	3	0.396442	0.83089	0.000732422	null	TAKursar	881.49	N/A	0	9	C12(C([H])([H])[H])C([H])(C([H])([H])C([H])=C(C3([H])C(C(=O)O[H])(C([H])([H])C([H])([H])C(C([H])([H])[H])(C([H])([H])[H])C3([H])[H])C([H])([H])C4([H])[H])C14C([H])([H])[H])C5(C([H])([H])[H])C([H])(C(C([H])([H])[H])(C([H])([H])[H])C([H])(OC6([H])OC([H])(C([H])([H])OC7([H])OC([H])([H])C([H])(O[H])C([H])(O[H])C7([H])OC8([H])OC([H])([H])C([H])(O[H])C([H])(O[H])C8([H])O[H])C([H])(O[H])C([H])(O[H])C6([H])O[H])C([H])([H])C5([H])[H])C([H])([H])C2([H])[H]	1	881.49	spectra/specs_ms.pklbin	CCMSLIB00001387522	12716.6	UPDATE-SINGLE-ANNOTATED-BRONZE	 
927	M+FA-H	n/a	1	NCGC00380668-01_C48H78O18_(3beta,5xi,9xi,22beta)-22,24-Dihydroxyolean-12-en-3-yl 6-deoxy-alpha-L-mannopyranosyl-(1->2)-beta-D-galactopyranosyl-(1->2)-beta-D-glucopyranosiduronic acid	isolated	lfnothias	942.519	InChI=1S/C48H78O18/c1-21-29(52)31(54)35(58)40(61-21)65-37-32(55)30(53)24(19-49)62-41(37)66-38-34(57)33(56)36(39(59)60)64-42(38)63-28-12-13-45(5)25(46(28,6)20-50)11-14-48(8)26(45)10-9-22-23-17-43(2,3)18-27(51)44(23,4)15-16-47(22,48)7/h9,21,23-38,40-42,49-58H,10-20H2,1-8H3,(H,59,60)/t21-,23-,24+,25?,26?,27+,28-,29-,30-,31+,32-,33-,34-,35+,36-,37+,38+,40-,41-,42+,44+,45-,46+,47+,48+/m0/s1	N/A	Maxis II HD Q-TOF Bruker	negative	LC-ESI	987.517	lib-00017.mgf	Gold	1	0.272008	2.7813	0.00274658	GNPS-NIH-NATURALPRODUCTSLIBRARY_ROUND2_NEGATIVE	Jadhav/Dorrestein	987.517	n/a	0	6	C[C@@H]1O[C@@H](O[C@@H]2[C@@H](O)[C@@H](O)[C@@H](CO)O[C@H]2O[C@@H]3[C@@H](O)[C@H](O)[C@H](O[C@H]3O[C@H]4CC[C@@]5(C)C(CC[C@]6(C)C5C\C=C/7[C@@H]8CC(C)(C)C[C@@H](O)[C@]8(C)CC[C@@]67C)[C@@]4(C)CO)C(O)=O)[C@H](O)[C@H](O)[C@H]1O	1	987.514	spectra/specs_ms.pklbin	CCMSLIB00000849764	293562	UPDATE-SINGLE-ANNOTATED-GOLD	 
